omnis perferendis non,Et impedit et sit et velit molestiae quidem repudiandae.,119.04,https://loremflickr.com/320/240/food
omnis perferendis non,Et impedit et sit et velit molestiae quidem repudiandae.,119.04,https://loremflickr.com/320/240/food
omnis perferendis non,Et impedit et sit et velit molestiae quidem repudiandae.,119.04,https://loremflickr.com/320/240/food
omnis perferendis non,Et impedit et sit et velit molestiae quidem repudiandae.,119.04,https://loremflickr.com/320/240/food
omnis perferendis non,Et impedit et sit et velit molestiae quidem repudiandae.,119.04,https://loremflickr.com/320/240/food
omnis perferendis non,Et impedit et sit et velit molestiae quidem repudiandae.,119.04,https://loremflickr.com/320/240/food
omnis perferendis non,Et impedit et sit et velit molestiae quidem repudiandae.,119.04,https://loremflickr.com/320/240/food
omnis perferendis non,Et impedit et sit et velit molestiae quidem repudiandae.,119.04,https://loremflickr.com/320/240/food
omnis perferendis non,Et impedit et sit et velit molestiae quidem repudiandae.,119.04,https://loremflickr.com/320/240/food
omnis perferendis non,Et impedit et sit et velit molestiae quidem repudiandae.,119.04,https://loremflickr.com/320/240/food
omnis perferendis non,Et impedit et sit et velit molestiae quidem repudiandae.,119.04,https://loremflickr.com/320/240/food
omnis perferendis non,Et impedit et sit et velit molestiae quidem repudiandae.,119.04,https://loremflickr.com/320/240/food
omnis perferendis non,Et impedit et sit et velit molestiae quidem repudiandae.,119.04,https://loremflickr.com/320/240/food
omnis perferendis non,Et impedit et sit et velit molestiae quidem repudiandae.,119.04,https://loremflickr.com/320/240/food
omnis perferendis non,Et impedit et sit et velit molestiae quidem repudiandae.,119.04,https://loremflickr.com/320/240/food
omnis perferendis non,Et impedit et sit et velit molestiae quidem repudiandae.,119.04,https://loremflickr.com/320/240/food
omnis perferendis non,Et impedit et sit et velit molestiae quidem repudiandae.,119.04,https://loremflickr.com/320/240/food
omnis perferendis non,Et impedit et sit et velit molestiae quidem repudiandae.,119.04,https://loremflickr.com/320/240/food
omnis perferendis non,Et impedit et sit et velit molestiae quidem repudiandae.,119.04,https://loremflickr.com/320/240/food
omnis perferendis non,Et impedit et sit et velit molestiae quidem repudiandae.,119.04,https://loremflickr.com/320/240/food
